INSERT INTO CUSTOMER (CUSTOMER_ID, FIRST_NAME, LAST_NAME, OTHER_NAME, DATE_CREATED) VALUES
(1, 'Alice', 'Smith', 'Marie', '2023-01-01'),
(2, 'Bob', 'Johnson', 'Edward', '2023-01-02'),
(3, 'Charlie', 'Brown', 'Thomas', '2023-01-03'),
(4, 'Diana', 'Prince', 'Lynn', '2023-01-04'),
(5, 'Ethan', 'Hunt', 'James', '2023-01-05');

INSERT INTO ACCOUNT (ACCOUNT_ID, IBAN, BIC_SWIFT, CUSTOMER_ID) VALUES
(1001, 'DE89370400440532013000', 'COBADEFFXXX', 1),
(1002, 'DE89370400440532013001', 'COBADEFFXXX', 1),
(1003, 'FR7630006000011234567890189', 'AGRIFRPP', 2),
(1004, 'FR7630006000011234567890190', 'AGRIFRPP', 2),
(1005, 'GB33BUKB20201555555555', 'BARCGB22', 3),
(1006, 'GB33BUKB20201555555556', 'BARCGB22', 3),
(1007, 'IT60X0542811101000000123456', 'BCITITMM', 4),
(1008, 'IT60X0542811101000000123457', 'BCITITMM', 4),
(1009, 'NL91ABNA0417164300', 'ABNANL2A', 5),
(1010, 'NL91ABNA0417164301', 'ABNANL2A', 5);

INSERT INTO CARD (CARD_ID, CARD_TYPE, ALIAS, PAN, CVV, ACCOUNT_ID) VALUES
(5001, 'PHYSICAL', 'Groceries Card', '4111111111111111', '123', '1001'),
(5002, 'VIRTUAL', 'Online Shopping', '4111111111111122', '321', '1001'),
(5003, 'PHYSICAL', 'Backup Spending', '4111111111111133', '213', '1002'),
(5004, 'VIRTUAL', 'Travel Expenses', '4111111111111144', '132', '1002'),
(5005, 'PHYSICAL', 'Everyday Use', '5500000000000001', '111', '1003'),
(5006, 'PHYSICAL', 'Dining Out', '5500000000000002', '112', '1004'),
(5007, 'VIRTUAL', 'Streaming Subscriptions', '5500000000000003', '113', '1004'),
(5008, 'PHYSICAL', 'Business Expenses', '340000000000009', '321', '1005'),
(5009, 'VIRTUAL', 'Online Gaming', '340000000000010', '322', '1005'),
(5010, 'PHYSICAL', 'Fuel Purchases', '340000000000011', '323', '1006'),
(5011, 'PHYSICAL', 'Travel Card', '30000000000004', '444', '1007'),
(5012, 'VIRTUAL', 'Online Courses', '30000000000005', '445', '1007'),
(5013, 'PHYSICAL', 'Pet Supplies', '30000000000006', '446', '1008'),
(5014, 'PHYSICAL', 'Electronics', '6011000000000004', '555', '1009'),
(5015, 'VIRTUAL', 'Digital Wallet', '6011000000000005', '556', '1009');
